x_m,solid_temperature_C,water_bulk_temperature_C,heater_input_W_per_m,heat_to_water_W_per_m,heat_to_ambient_W_per_m
0.0,142.79806761245612,10.0,100000.0,103180.24179391851,57.983072453978934
8.333333333333334e-05,142.79820532356166,10.041134096678348,100000.0,103148.38879295147,57.983138555309594
0.0001666666666666667,142.79861574767614,10.082255537001487,100000.0,103116.75751569265,57.98333555888454
0.00025,142.79929619446693,10.123364408945655,100000.0,103085.34580347672,57.98366217334413
0.0003333333333333334,142.80024399228716,10.164460799629374,100000.0,103054.15151282313,57.98411711629784
0.00041666666666666675,142.80145648799333,10.205544795319543,100000.0,103023.17251528951,57.9846991142368
0.0005,142.80293104676417,10.246616481437334,100000.0,102992.4066973265,57.9854069024468
0.0005833333333333334,142.80466505192086,10.287675942564155,100000.0,102961.85196013337,57.98623922492201
0.0006666666666666668,142.8066559047482,10.328723262447504,100000.0,102931.5062195145,57.98719483427913
0.0007500000000000001,142.80890102431738,10.369758524006713,100000.0,102901.36740573723,57.98827249167234
0.0008333333333333335,142.81139784730985,10.410781809338703,100000.0,102871.4334633906,57.98947096670872
0.0009166666666666668,142.81414382784237,10.451793199723728,100000.0,102841.70235124485,57.99078903736434
0.001,142.8171364372932,10.492792775630921,100000.0,102812.17204211214,57.992225489900726
0.0010833333333333335,142.82037316412973,10.53378061672392,100000.0,102782.84052270827,57.99377911878227
0.0011666666666666668,142.82385151373708,10.57475680186632,100000.0,102753.70579351518,57.9954487265938
0.0012500000000000002,142.82756900824788,10.61572140912723,100000.0,102724.76586864448,57.99723312395898
0.0013333333333333335,142.83152318637332,10.656674515786596,100000.0,102696.01877570192,57.99913112945919
0.0014166666666666668,142.83571160323527,10.697616198340576,100000.0,102667.46255565294,58.00114156955293
0.0015000000000000002,142.84013183019962,10.738546532506899,100000.0,102639.0952626889,58.003263278495815
0.0015833333333333335,142.84478145471053,10.779465593230025,100000.0,102610.91496409429,58.00549509826105
0.001666666666666667,142.8496580801261,10.82037345468636,100000.0,102582.91974011506,58.00783587846052
0.0017500000000000003,142.85475932555494,10.861270190289462,100000.0,102555.10768382752,58.01028447626637
0.0018333333333333335,142.86008282569375,10.902155872695078,100000.0,102527.47690100833,58.012839756333
0.001916666666666667,142.86562623066644,10.943030573806157,100000.0,102500.02551000548,58.01550059071989
0.002,142.87138720586358,10.983894364777898,100000.0,102472.75164160975,58.018265858814516
0.0020833333333333337,142.87736343178372,11.02474731602262,100000.0,102445.65343892752,58.02113444725618
0.002166666666666667,142.88355260387507,11.065589497214736,100000.0,102418.72905725401,58.024105249860035
0.0022500000000000003,142.88995243237866,11.106420977295496,100000.0,102391.97666394761,58.02717716754176
0.0023333333333333335,142.89656064217232,11.147241824477817,100000.0,102365.39443830507,58.03034910824271
0.002416666666666667,142.90337497261567,11.188052106251039,100000.0,102338.98057143716,58.03361998685552
0.0025000000000000005,142.91039317739632,11.228851889385563,100000.0,102312.73326614575,58.03698872515023
0.0025833333333333337,142.91761302437678,11.269641239937501,100000.0,102286.65073680117,58.04045425170085
0.002666666666666667,142.92503229544266,11.310420223253294,100000.0,102260.73120922064,58.044015501812474
0.0027500000000000003,142.9326487863514,11.351188903974226,100000.0,102234.97292054733,58.04767141744867
0.0028333333333333335,142.94046030658257,11.391947346040904,100000.0,102209.37411913047,58.05142094715963
0.0029166666666666672,142.9484646791886,11.432695612697763,100000.0,102183.93306440595,58.05526304601052
0.0030000000000000005,142.95665974064667,11.473433766497362,100000.0,102158.64802677785,58.0591966755104
0.0030833333333333338,142.96504334071156,11.514161869304848,100000.0,102133.51728750064,58.06322080354155
0.003166666666666667,142.97361334226935,11.55487998230215,100000.0,102108.53913856231,58.067334404289284
0.0032500000000000003,142.98236762119208,11.595588165992337,100000.0,102083.711882568,58.0715364581722
0.003333333333333334,142.99130406619327,11.63628648020374,100000.0,102059.0338326245,58.075825951772764
0.0034166666666666672,143.00042057868433,11.676974984094182,100000.0,102034.5033122256,58.080201877768474
0.0035000000000000005,143.00971507263193,11.717653736155057,100000.0,102010.11865513782,58.08466323486333
0.0035833333333333338,143.01918547441628,11.75832279421542,100000.0,101985.8782052873,58.08920902771981
0.003666666666666667,143.02882972268995,11.798982215446028,100000.0,101961.78031664697,58.093838266891176
0.0037500000000000003,143.038645768238,11.83963205636329,100000.0,101937.82335312471,58.09854996875424
0.003833333333333334,143.04863157383875,11.880272372833225,100000.0,101914.00568845215,58.103343155442595
0.003916666666666667,143.05878511412513,11.920903220075346,100000.0,101890.32570607394,58.10821685478006
0.004,143.06910437544744,11.961524652666542,100000.0,101866.78179903812,58.11317010021477
0.004083333333333334,143.0795873557363,12.00213672454486,100000.0,101843.37236988661,58.11820193075342
0.0041666666666666675,143.09023206436683,12.042739489013254,100000.0,101820.09583054684,58.12331139089608
0.00425,143.10103652202363,12.083332998743371,100000.0,101796.95060222391,58.128497530571344
0.004333333333333334,143.1119987605661,12.12391730577912,100000.0,101773.93511529309,58.13375940507173
0.004416666666666667,143.12311682289516,12.164492461540426,100000.0,101751.04780919345,58.13909607498967
0.0045000000000000005,143.13438876282024,12.205058516826725,100000.0,101728.28713232178,58.14450660615371
0.004583333333333334,143.14581264492733,12.245615521820575,100000.0,101705.65154192719,58.14999006956512
0.004666666666666667,143.15738654444763,12.28616352609114,100000.0,101683.13950400644,58.15554554133486
0.004750000000000001,143.1691085471271,12.32670257859769,100000.0,101660.7494931998,58.16117210262101
0.004833333333333334,143.18097674909654,12.367232727692969,100000.0,101638.4799926875,58.16686883956634
0.004916666666666667,143.1929892567425,12.407754021126614,100000.0,101616.32949408679,58.172634843236395
0.005000000000000001,143.205144186579,12.448266506048483,100000.0,101594.29649734974,58.17846920955791
0.005083333333333334,143.2174396651198,12.488770229012022,100000.0,101572.37951066124,58.1843710392575
0.0051666666666666675,143.22987382875144,12.529265235977416,100000.0,101550.57705033803,58.19033943780069
0.00525,143.24244482360697,12.569751572314907,100000.0,101528.887640728,58.196373515331345
0.005333333333333334,143.25515080544045,12.610229282807918,100000.0,101507.30981411017,58.20247238661141
0.005416666666666668,143.26798993950186,12.650698411656236,100000.0,101485.8421105951,58.20863517096089
0.0055000000000000005,143.28096040041302,12.69115900247909,100000.0,101464.48307802611,58.21486099219825
0.005583333333333334,143.29406037204402,12.73161109831822,100000.0,101443.23127188078,58.22114897858113
0.005666666666666667,143.30728804739007,12.772054741640899,100000.0,101422.0852551731,58.22749826274723
0.005750000000000001,143.3206416284495,12.812489974342917,100000.0,101401.04359835607,58.233907981655754
0.0058333333333333345,143.3341193261018,12.852916837751561,100000.0,101380.10487922504,58.24037727652887
0.005916666666666667,143.34771935998688,12.89333537262846,100000.0,101359.26768282123,58.2469052927937
0.006000000000000001,143.36143995838444,12.933745619172509,100000.0,101338.53060133608,58.253491180024525
0.006083333333333334,143.3752793580942,12.974147617022695,100000.0,101317.89223401582,58.260134091885206
0.0061666666666666675,143.3892358043167,13.014541405260838,100000.0,101297.35118706686,58.26683318607202
0.006250000000000001,143.40330755053478,13.054927022414434,100000.0,101276.90607356126,58.27358762425669
0.006333333333333334,143.41749285839538,13.095304506459296,100000.0,101256.55551334312,58.28039657202978
0.006416666666666668,143.43178999759215,13.13567389482229,100000.0,101236.29813293504,58.287259198844225
0.006500000000000001,143.44619724574864,13.176035224383916,100000.0,101216.13256544547,58.29417467795934
0.006583333333333334,143.46071288830177,13.216388531481014,100000.0,101196.05745047606,58.30114218638485
0.006666666666666668,143.4753352183864,13.256733851909223,100000.0,101176.07143402996,58.30816090482546
0.006750000000000001,143.4900625367197,13.297071220925613,100000.0,101156.17316842006,58.31523001762545
0.0068333333333333345,143.50489315148667,13.337400673251112,100000.0,101136.36131217805,58.3223487127136
0.006916666666666667,143.519825378226,13.377722243072995,100000.0,101116.63452996392,58.32951618154847
0.007000000000000001,143.5348575397163,13.418035964047302,100000.0,101096.99149247563,58.336731619063826
0.007083333333333334,143.54998796586315,13.458341869301254,100000.0,101077.43087635937,58.34399422361431
0.0071666666666666675,143.56521499358624,13.498639991435578,100000.0,101057.95136412025,58.35130319692139
0.007250000000000001,143.5805369667074,13.538930362526845,100000.0,101038.55164403333,58.35865774401955
0.007333333333333334,143.59595223583898,13.57921301412972,100000.0,101019.23041005532,58.36605707320271
0.007416666666666668,143.6114591582726,13.619487977279253,100000.0,100999.98636173613,58.373500395970844
0.007500000000000001,143.62705609786858,13.65975528249306,100000.0,100980.81820413144,58.38098692697692
0.007583333333333334,143.64274142494565,13.700014959773501,100000.0,100961.72464771531,58.38851588397391
0.007666666666666668,143.65851351617124,13.740267038609856,100000.0,100942.70440829314,58.39608648776219
0.007750000000000001,143.67437075445218,13.780511547980414,100000.0,100923.75620691522,58.403697962137045
0.007833333333333335,143.6903115288259,13.820748516354524,100000.0,100904.87876979055,58.41134953383643
0.007916666666666667,143.70633423435194,13.860977971694652,100000.0,100886.07082820096,58.41904043248893
0.008,143.72243727200404,13.901199941458415,100000.0,100867.33111841576,58.426769890561935
0.008083333333333335,143.7386190485626,13.941414452600512,100000.0,100848.65838160658,58.43453714331005
0.008166666666666668,143.75487797650746,13.981621531574675,100000.0,100830.0513637625,58.44234142872358
0.00825,143.7712124739112,14.02182120433556,100000.0,100811.50881560592,58.45018198747737
0.008333333333333335,143.78762096433294,14.062013496340683,100000.0,100793.0294925083,58.458058062879815
0.008416666666666668,143.80410187671237,14.102198432552171,100000.0,100774.61215440652,58.465968900821935
0.0085,143.820653645264,14.1423760374386,100000.0,100756.2555657194,58.47391374972672
0.008583333333333335,143.8372747093724,14.182546334976774,100000.0,100737.95849526476,58.48189186049875
0.008666666666666668,143.85396351348703,14.222709348653456,100000.0,100719.71971617646,58.489902486473774
0.00875,143.870718507018,14.262865101467066,100000.0,100701.53800582215,58.497944883368646
0.008833333333333334,143.88753814423217,14.303013615929363,100000.0,100683.41214572103,58.506018309231436
0.008916666666666668,143.90442088414915,14.343154914067084,100000.0,100665.34092146198,58.51412202439159
0.009000000000000001,143.92136519043814,14.383289017423543,100000.0,100647.32312262202,58.5222552914103
0.009083333333333334,143.93836953131486,14.423415947060214,100000.0,100629.35754268516,58.530417375031135
0.009166666666666668,143.95543237943892,14.463535723558241,100000.0,100611.44297896129,58.53860754213068
0.009250000000000001,143.97255221181138,14.503648367020004,100000.0,100593.5782325055,58.54682506166946
0.009333333333333334,143.98972750967275,14.54375389707057,100000.0,100575.76210803767,58.55506920464292
0.009416666666666669,144.00695675840134,14.583852332859106,100000.0,100557.99341386238,58.56333924403264
0.009500000000000001,144.02423844741165,14.62394369306033,100000.0,100540.27096178883,58.571634454757586
0.009583333333333334,144.04157107005352,14.66402799587587,100000.0,100522.59356705153,58.57995411362569
0.009666666666666667,144.05895312351106,14.704105259035664,100000.0,100504.9600482305,58.588297499285304
0.009750000000000002,144.07638310870215,14.7441754997992,100000.0,100487.36922717231,58.59666389217703
0.009833333333333335,144.09385953017838,14.784238734956876,100000.0,100469.81992891138,58.60505257448562
0.009916666666666667,144.11138089602474,14.82429498083118,100000.0,100452.31098159097,58.613462830091876
0.010000000000000002,144.12894571776013,14.864344253278013,100000.0,100434.84121638491,58.621893944524864
0.010083333333333335,144.1465525102377,14.904386567687784,100000.0,100417.4094674193,58.6303452049141
0.010166666666666668,144.16419979154594,14.944421938986633,100000.0,100400.01457169479,58.638815899942045
0.010250000000000002,144.18188608290922,14.984450381637522,100000.0,100382.65536900835,58.64730531979642
0.010333333333333335,144.19960990858948,15.024471909641377,100000.0,100365.33070187607,58.65581275612295
0.010416666666666668,144.21736979578753,15.064486536538126,100000.0,100348.03941545558,58.66433750197801
0.0105,144.23516427454473,15.104494275407738,100000.0,100330.78035746899,58.67287885178147
0.010583333333333335,144.25299187764514,15.144495138871235,100000.0,100313.55237812597,58.68143610126967
0.010666666666666668,144.27085114051738,15.184489139091683,100000.0,100296.3543300467,58.69000854744834
0.010750000000000001,144.28874060113714,15.224476287775115,100000.0,100279.18506818553,58.69859548854582
0.010833333333333335,144.30665879992978,15.264456596171458,100000.0,100262.04344975445,58.70719622396629
0.010916666666666668,144.324604279673,15.304430075075423,100000.0,100244.92833414694,58.715810054243036
0.011000000000000001,144.34257558539963,15.344396734827345,100000.0,100227.8385828616,58.72443628099182
0.011083333333333334,144.36057126430103,15.384356585314025,100000.0,100210.77305942652,58.733074206864494
0.011166666666666668,144.37858986563018,15.424309635969525,100000.0,100193.73062932343,58.74172313550248
0.011250000000000001,144.39662994060512,15.464255895775889,100000.0,100176.71015991207,58.75038237149046
0.011333333333333334,144.41469004231266,15.504195373263936,100000.0,100159.71052035464,58.75905122031007
0.011416666666666669,144.43276872561202,15.544128076513921,100000.0,100142.73058154067,58.76772898829377
0.011500000000000002,144.45086454703886,15.584054013156234,100000.0,100125.76921601167,58.77641498257865
0.011583333333333334,144.4689760647092,15.623973190372041,100000.0,100108.8252978861,58.78510851106042
0.011666666666666669,144.48710183822368,15.663885614893868,100000.0,100091.89770278448,58.79380888234736
0.011750000000000002,144.50524042857188,15.703791293006244,100000.0,100074.98530775467,58.8025154057145
0.011833333333333335,144.52339039803664,15.743690230546186,100000.0,100058.08699119698,58.811227391057585
0.011916666666666667,144.54155031009884,15.783582432903772,100000.0,100041.20163278982,58.81994414884744
0.012000000000000002,144.55971872934168,15.82346790502262,100000.0,100024.328113415,58.82866499008401
0.012083333333333335,144.5778942213559,15.863346651400352,100000.0,100007.46531508365,58.837389226250835
0.012166666666666668,144.59607535264428,15.903218676089026,100000.0,99990.61212086174,58.84611616926925
0.012250000000000002,144.61426069052663,15.943083982695573,100000.0,99973.76741479586,58.854845131452784
0.012333333333333335,144.63244880304495,15.982942574382092,100000.0,99956.9300818394,58.863575425461576
0.012416666666666668,144.6506382588685,16.022794453866318,100000.0,99940.09900777835,58.87230636425688
0.012500000000000002,144.66882762719885,16.062639623421845,100000.0,99923.27307915733,58.88103726105545
0.012583333333333335,144.68701547767526,16.102478084878413,100000.0,99906.45118320598,58.88976742928412
0.012666666666666668,144.70520038027988,16.14230983962225,100000.0,99889.63220776487,58.89849618253434
0.012750000000000001,144.72338090524318,16.182134888596195,100000.0,99872.81504121203,58.90722283451672
0.012833333333333335,144.74155562294925,16.221953232299995,100000.0,99855.99857238916,58.915946699015635
0.012916666666666668,144.75972310384134,16.261764870790394,100000.0,99839.18169052807,58.92466708984384
0.013000000000000001,144.7778819183273,16.301569803681318,100000.0,99822.36328517714,58.9333833207971
0.013083333333333336,144.79603063668492,16.341368030143993,100000.0,99805.54224612772,58.94209470560876
0.013166666666666669,144.81416782896773,16.38115954890699,100000.0,99788.71746334073,58.95080055790451
0.013250000000000001,144.8322920649102,16.420944358256303,100000.0,99771.88782687318,58.9595001911569
0.013333333333333336,144.85040191383365,16.46072245603539,100000.0,99755.0522268048,58.96819291864015
0.013416666666666669,144.8684959445514,16.500493839645138,100000.0,99738.20955316458,58.97687805338467
0.013500000000000002,144.88657272527462,16.54025850604382,100000.0,99721.35869585752,58.98555490813182
0.013583333333333334,144.90463082351764,16.580016451747063,100000.0,99704.49854459106,58.994222795288465
0.013666666666666669,144.92266880600368,16.61976767282775,100000.0,99687.6279888021,59.00288102688177
0.013750000000000002,144.94068523857004,16.65951216491587,100000.0,99670.74591758318,59.01152891451362
0.013833333333333335,144.95867868607382,16.699249923198387,100000.0,99653.85121960957,59.02016576931543
0.01391666666666667,144.9766477122971,16.738980942419047,100000.0,99636.94278306558,59.02879090190261
0.014000000000000002,144.99459087985264,16.77870521687819,100000.0,99620.01949557159,59.037403622329265
0.014083333333333335,145.01250675008885,16.81842274043249,100000.0,99603.08024411024,59.046003240042644
0.014166666666666668,145.03039388299538,16.858133506494696,100000.0,99586.12391495344,59.05458906383778
0.014250000000000002,145.04825083710807,16.89783750803332,100000.0,99569.14939358865,59.06316040181187
0.014333333333333335,145.06607616941426,16.93753473757233,100000.0,99552.1555646456,59.071716561318844
0.014416666666666668,145.08386843525784,16.977225187190804,100000.0,99535.14131182276,59.08025684892376
0.014500000000000002,145.1016261882442,17.016908848522483,100000.0,99518.1055178139,59.088780570357216
0.014583333333333335,145.11934798014522,17.056585712755414,100000.0,99501.04706423444,59.0972870304697
0.014666666666666668,145.13703236080397,17.096255770631487,100000.0,99483.96483154783,59.105775533185906
0.014750000000000003,145.15467787803954,17.135919012445953,100000.0,99466.85769899203,59.11424538145897
0.014833333333333336,145.17228307755155,17.17557542804696,100000.0,99449.72454450553,59.12269587722474
0.014916666666666668,145.18984650282482,17.21522500683496,100000.0,99432.5642446539,59.131126321355914
0.015000000000000001,145.20736669503364,17.25486773776217,100000.0,99415.37567455572,59.139536013616144
0.015083333333333336,145.2248421929459,17.29450360933201,100000.0,99398.15770780861,59.14792425261404
0.015166666666666669,145.24227153282766,17.33413260959845,100000.0,99380.9092164155,59.15629033575728
0.015250000000000001,145.25965324834655,17.373754726165366,100000.0,99363.62907071016,59.164633559206344
0.015333333333333336,145.27698587047618,17.413369946185856,100000.0,99346.31613928344,59.172953217828564
0.015416666666666669,145.29426792739952,17.452978256361547,100000.0,99328.96928890869,59.181248605151765
0.015500000000000002,145.31149794441262,17.492579642941834,100000.0,99311.58738446758,59.189519013318055
0.015583333333333336,145.32867444382788,17.532174091723128,100000.0,99294.16928887555,59.19776373303738
0.01566666666666667,145.3457959448773,17.571761588048048,100000.0,99276.71386300721,59.2059820535411
0.015750000000000004,145.36286096361565,17.611342116804593,100000.0,99259.21996562181,59.21417326253551
0.015833333333333335,145.3798680128232,17.65091566242528,100000.0,99241.68645328832,59.222336646155135
0.01591666666666667,145.3968156019085,17.69048220888628,100000.0,99224.11218031046,59.23047148891607
0.016,145.41370223681076,17.730041739706458,100000.0,99206.49599865184,59.23857707366916
0.016083333333333335,145.43052641990238,17.769594237946457,100000.0,99188.8367578606,59.24665268155314
0.01616666666666667,145.4472866498907,17.809139686207715,100000.0,99171.13330499419,59.25469759194754
0.01625,145.46398142172023,17.848678066631443,100000.0,99153.38448454392,59.26271108242571
0.016333333333333335,145.48060922647403,17.888209360897605,100000.0,99135.58913835931,59.270692428707534
0.01641666666666667,145.49716855127522,17.92773355022384,100000.0,99117.74610557231,59.278640904612104
0.0165,145.51365787918832,17.967250615364357,100000.0,99099.85422252154,59.28655578201039
0.016583333333333335,145.53007568912003,18.006760536608823,100000.0,99081.912322676,59.29443633077761
0.01666666666666667,145.54642045572007,18.04626329378118,100000.0,99063.91923655907,59.30228181874563
0.01675,145.5626906492816,18.085758866238486,100000.0,99045.87379167191,59.31009151165516
0.016833333333333336,145.57888473564148,18.12524723286966,100000.0,99027.77481241702,59.317864673107906
0.01691666666666667,145.59500117608007,18.164728372094267,100000.0,99009.62112002131,59.32560056451843
0.017,145.6110384272211,18.2042022618612,100000.0,98991.41153245927,59.33329844506613
0.017083333333333336,145.62699494093107,18.2436688796474,100000.0,98973.14486437594,59.34095757164691
0.01716666666666667,145.6428691642181,18.283128202456506,100000.0,98954.8199270092,59.348577198824685
0.01725,145.65865953913104,18.322580206817445,100000.0,98936.43552811262,59.356156578782894
0.017333333333333336,145.67436450265797,18.362024868783084,100000.0,98917.99047187755,59.36369496127582
0.01741666666666667,145.68998248662422,18.401462163928755,100000.0,98899.48355885506,59.371191593579624
0.0175,145.7055119175905,18.440892067350802,100000.0,98880.91358587798,59.378645720443444
0.017583333333333336,145.72095121675062,18.48031455366508,100000.0,98862.27934598242,59.3860565840403
0.017666666666666667,145.7362987998283,18.519729597005423,100000.0,98843.57962832904,59.393423423917575
0.017750000000000002,145.75155307697455,18.559137171022087,100000.0,98824.81321812431,59.400745476947776
0.017833333333333336,145.76671245266408,18.598537248880163,100000.0,98805.97889654139,59.40802197727876
0.017916666666666668,145.78177532559175,18.63792980325794,100000.0,98787.07544064082,59.41525215628404
0.018000000000000002,145.79674008856827,18.677314806345258,100000.0,98768.10162329093,59.42243524251277
0.018083333333333337,145.8116051284159,18.71669222984182,100000.0,98749.05621308796,59.42957046163963
0.018166666666666668,145.82636882586348,18.756062044955463,100000.0,98729.93797427592,59.436657036414466
0.018250000000000002,145.84102955544165,18.79542422240042,100000.0,98710.7456666665,59.44369418661199
0.018333333333333337,145.8555856853768,18.834778732395534,100000.0,98691.47804555809,59.45068112898087
0.018416666666666668,145.87003557748548,18.874125544662444,100000.0,98672.13386165515,59.45761707719303
0.018500000000000003,145.8843775870679,18.913464628423718,100000.0,98652.71186098686,59.46450124179258
0.018583333333333337,145.89861006280142,18.952795952400997,100000.0,98633.2107848259,59.47133283014468
0.018666666666666668,145.9127313466331,18.992119484813067,100000.0,98613.62936960635,59.47811104638389
0.018750000000000003,145.92673977367252,19.03143519337393,100000.0,98593.96634684196,59.48483509136281
0.018833333333333337,145.94063367208355,19.070743045290804,100000.0,98574.22044304368,59.4915041626001
0.01891666666666667,145.9544113629761,19.11004300726213,100000.0,98554.39037963701,59.49811745422852
0.019000000000000003,145.96807116029717,19.149335045475503,100000.0,98534.474872879,59.50467415694264
0.019083333333333334,145.9816113707219,19.188619125605648,100000.0,98514.47263377515,59.51117345794651
0.01916666666666667,145.99503029354346,19.22789521281223,100000.0,98494.38236799554,59.51761454090086
0.019250000000000003,146.00832622056328,19.267163271737772,100000.0,98474.20277579124,59.52399658587037
0.019333333333333334,146.02149743598005,19.306423266505476,100000.0,98453.93255190973,59.53031876927042
0.01941666666666667,146.034542216279,19.345675160716965,100000.0,98433.57038551054,59.53658026381392
0.019500000000000003,146.04745883012006,19.38491891745008,100000.0,98413.11496008016,59.54278023845763
0.019583333333333335,146.060245538226,19.424154499256602,100000.0,98392.56495334688,59.54891785834848
0.01966666666666667,146.07290059326982,19.4633818681599,100000.0,98371.9190371951,59.55499228476951
0.019750000000000004,146.08542223976156,19.50260098565262,100000.0,98351.1758775792,59.56100267508555
0.019833333333333335,146.0978087139351,19.541811812694306,100000.0,98330.33413443745,59.56694818268885
0.01991666666666667,146.11005824363394,19.58101430970894,100000.0,98309.39246160511,59.57282795694429
0.020000000000000004,146.12216904819647,19.620208436582555,100000.0,98288.3495067272,59.578641143134305
0.020083333333333335,146.13413933834119,19.659394152660692,100000.0,98267.20391117134,59.58438688240377
0.02016666666666667,146.14596731605081,19.69857141674592,100000.0,98245.95430993948,59.59006431170439
0.020250000000000004,146.15765117445622,19.737740187095255,100000.0,98224.5993315799,59.59567256373899
0.020333333333333335,146.16918909771977,19.77690042141758,100000.0,98203.13759809843,59.60121076690549
0.02041666666666667,146.18057926091794,19.816052076871006,100000.0,98181.56772486943,59.606678045240606
0.020500000000000004,146.19181982992347,19.85519511006024,100000.0,98159.88832054616,59.61207351836327
0.020583333333333335,146.20290896128708,19.894329477033857,100000.0,98138.09798697101,59.6173963014178
0.02066666666666667,146.21384480211833,19.933455133281573,100000.0,98116.19531908518,59.6226455050168
0.02075,146.22462548996614,19.97257203373149,100000.0,98094.17890483778,59.62782023518375
0.020833333333333336,146.23524915269851,20.011680132747262,100000.0,98072.04732509477,59.632919593295284
0.02091666666666667,146.24571390838187,20.050779384125292,100000.0,98049.79915354722,59.6379426760233
0.021,146.2560178651596,20.089869741091817,100000.0,98027.43295661939,59.64288857527661
0.021083333333333336,146.26615912113004,20.1289511563,100000.0,98004.94729337601,59.64775637814242
0.02116666666666667,146.2761357642239,20.168023581827,100000.0,97982.34071542945,59.65254516682747
0.02125,146.28594587208096,20.20708696917095,100000.0,97959.61176684617,59.657254018598856
0.021333333333333336,146.29558751192613,20.24614126924795,100000.0,97936.75898405284,59.66188200572454
0.02141666666666667,146.30505874044488,20.285186432389004,100000.0,97913.78089574185,59.66642819541354
0.021500000000000002,146.3143576036581,20.32422240833689,100000.0,97890.67602277659,59.67089164975588
0.021583333333333336,146.3234821367962,20.363249146243056,100000.0,97867.44287809603,59.675271425662174
0.02166666666666667,146.33243036417247,20.402266594664418,100000.0,97844.07996661872,59.679566574802784
0.021750000000000002,146.34120029905586,20.441274701560143,100000.0,97820.58578514656,59.68377614354681
0.021833333333333337,146.34978994354316,20.480273414288416,100000.0,97796.95882226794,59.687899172900714
0.02191666666666667,146.35819728843023,20.519262679603102,100000.0,97773.19755826032,59.69193469844651
0.022000000000000002,146.36642031308276,20.55824244365047,100000.0,97749.30046499225,59.69588175027972
0.022083333333333337,146.37445698530604,20.597212651965776,100000.0,97725.26600582505,59.6997393529469
0.022166666666666668,146.3823052612144,20.636173249469852,100000.0,97701.09263551379,59.70350652538291
0.022250000000000002,146.38996308509968,20.675124180465694,100000.0,97676.77880010787,59.707182280847846
0.022333333333333337,146.39742838929877,20.714065388634918,100000.0,97652.3229368509,59.710765626863406
0.022416666666666668,146.40469909406085,20.75299681703428,100000.0,97627.72347408012,59.7142555651492
0.022500000000000003,146.4117731074134,20.791918408092073,100000.0,97602.97883112518,59.71765109155844
0.022583333333333337,146.41864832502787,20.83083010360452,100000.0,97578.08741820655,59.720951196013374
0.02266666666666667,146.42532263008434,20.86973184473211,100000.0,97553.0476363332,59.72415486244048
0.022750000000000003,146.43179389313528,20.908623571995946,100000.0,97527.85787719965,59.727261068704934
0.022833333333333337,146.43805997196893,20.94750522527397,100000.0,97502.51652308267,59.73026878654508
0.02291666666666667,146.44411871147133,20.9863767437972,100000.0,97477.02194673703,59.73317698150624
0.023000000000000003,146.4499679434881,21.025238066145917,100000.0,97451.37251129109,59.73598461287429
0.023083333333333338,146.45560548668493,21.06408913024579,100000.0,97425.56657014137,59.73869063360876
0.02316666666666667,146.4610291464075,21.102929873363998,100000.0,97399.60246684679,59.741293990275594
0.023250000000000003,146.46623671454066,21.141760232105266,100000.0,97373.4785350223,59.74379362297951
0.023333333333333338,146.47122596936623,21.180580142407905,100000.0,97347.19309823148,59.74618846529579
0.02341666666666667,146.4759946754208,21.21938953953974,100000.0,97320.74446987918,59.74847744420198
0.023500000000000004,146.48054058335183,21.258188358094085,100000.0,97294.13095310293,59.75065948000887
0.023583333333333338,146.48486142977333,21.296976531985596,100000.0,97267.35084066392,59.7527334862912
0.02366666666666667,146.48895493712067,21.33575399444612,100000.0,97240.40241483747,59.754698369817916
0.023750000000000004,146.49281881350424,21.37452067802049,100000.0,97213.28394730268,59.75655303048203
0.023833333333333335,146.4964507525625,21.413276514562295,100000.0,97185.99369903134,59.75829636123
0.02391666666666667,146.49984843331384,21.452021435229558,100000.0,97158.5299201764,59.759927247990646
0.024000000000000004,146.50300952000762,21.49075537048042,100000.0,97130.89084995943,59.761444569603654
0.024083333333333335,146.50593166197459,21.52947825006878,100000.0,97103.07471655788,59.762847197747796
0.02416666666666667,146.50861249347574,21.56819000303981,100000.0,97075.0797369911,59.76413399686835
0.024250000000000004,146.51104963355084,21.606890557725528,100000.0,97046.90411700605,59.7653038241044
0.024333333333333335,146.5132406858656,21.645579841740282,100000.0,97018.54605096216,59.76635552921549
0.02441666666666667,146.51518323855794,21.684257781976157,100000.0,96990.00372171534,59.76728795450781
0.024500000000000004,146.5168748640835,21.722924304598397,100000.0,96961.2753005016,59.76809993476007
0.024583333333333336,146.51831311905983,21.76157933504073,100000.0,96932.35894681959,59.76879029714871
0.02466666666666667,146.51949554410993,21.800222798000657,100000.0,96903.2528083126,59.769357861172765
0.024750000000000005,146.52041966370447,21.838854617434727,100000.0,96873.95502064984,59.76980143857814
0.024833333333333336,146.52108298600308,21.877474716553714,100000.0,96844.46370740668,59.77011983328148
0.02491666666666667,146.52148300269477,21.916083017817794,100000.0,96814.77697994454,59.770311841293484
0.025,146.5216171888372,21.954679442931628,100000.0,96784.89293728975,59.77037625064186
