x_m,equilibrium_quality,homogeneous_void_fraction,flow_pattern_diagnostic,boiling_htc_W_m2K,AlN_top_temperature_C,heat_to_R134a_W_per_m,mixture_density_kg_m3,friction_gradient_Pa_m
0.0,0.0,0.0,saturated liquid / ONB entrance,13212.768688902535,66.77058528222466,99978.51011906216,1260.9576879668566,7736.633829276121
8.333333333333334e-05,0.0008735980021633249,0.05169344030865447,bubbly,13216.786702589023,66.76450258340637,99978.5130387576,1196.8199865413947,8267.312580001162
0.0001666666666666667,0.0017471960298040925,0.0983827162254781,bubbly,13220.796302189361,66.7584363076143,99978.51595056997,1138.8911116078589,8867.022173612388
0.00025,0.0026207940828982877,0.14076091991186318,bubbly,13224.811624176764,66.75236506016958,99978.51886476876,1086.3111215983774,9527.977955327828
0.0003333333333333334,0.0034943921614699423,0.1793987980767012,bubbly,13228.833680326943,66.74628732504567,99978.5217820816,1038.3718728532156,10240.064840160412
0.00041666666666666675,0.00436799026554673,0.21477060670372994,bubbly,13232.862627184008,66.74020288109746,99978.5247026147,994.4849408352835,10993.942058240038
0.0005,0.00524158839515663,0.2472736751359731,bubbly,13236.898424423613,66.734111804793,99978.52762633133,954.1573463460935,11781.772747053725
0.0005833333333333334,0.006115186550327126,0.27724339557981925,confined bubble / slug,13240.940977677234,66.72801425394573,99978.53055315574,916.9729575695903,12596.792861145117
0.0006666666666666668,0.006988784731085007,0.3049648391486792,confined bubble / slug,13244.990180780778,66.72191040379826,99978.53348300382,882.5780776760063,13432.644021573436
0.0007500000000000001,0.007862382937456336,0.3306818521728469,confined bubble / slug,13249.045929962096,66.71580042560025,99978.53641579335,850.6701587398653,14282.855435612575
0.0008333333333333335,0.008735981169466476,0.3546042481988942,confined bubble / slug,13253.108128613792,66.70968447943505,99978.53935144751,820.9888783967692,15140.580997265215
0.0009166666666666668,0.009609579427140151,0.37691354510872294,confined bubble / slug,13257.176688572725,66.70356271232747,99978.54228989572,793.309021616662,15998.601355417039
0.001,0.010483177710501496,0.3977675795209069,confined bubble / slug,13261.251530051122,66.69743525838567,99978.5452310736,767.4347554687957,16849.56478101664
0.0010833333333333335,0.011356776019574103,0.417304246704966,confined bubble / slug,13265.332581064253,66.69130223969923,99978.54817492257,743.1949888907136,17686.408249951157
0.0011666666666666668,0.01223037435438108,0.43564455343594133,confined bubble / slug,13269.419776703511,66.68516376746598,99978.55112138926,720.4395849141331,18502.86310346184
0.0012500000000000002,0.013103972714945088,0.4528951266708448,confined bubble / slug,13273.513058400496,66.6790199431287,99978.55407042493,699.0362480699984,19293.924501324418
0.0013333333333333335,0.01397757110128838,0.4691502879497071,confined bubble / slug,13277.612373240407,66.67287085943356,99978.5570219851,678.8679506128865,20056.170973348635
0.0014166666666666668,0.014851169513432834,0.4844937787683738,confined bubble / slug,13281.717673344318,66.6667166013818,99978.55997602898,659.830791795906,20787.865234499546
0.0015000000000000002,0.01572476795139999,0.49900020356752756,confined bubble / slug,13285.828915323345,66.66055724707022,99978.56293251904,641.8322075081568,21488.83344703458
0.0015833333333333335,0.01659836641521107,0.5127362428253923,confined bubble / slug,13289.946059800215,66.65439286842783,99978.56589142079,624.789465151892,22160.17854406967
0.001666666666666667,0.017471964904887012,0.5257616778802743,confined bubble / slug,13294.069070991482,66.64822353185916,99978.56885270234,608.6283921124779,22803.912138200983
0.0017500000000000003,0.01834556342044848,0.5381302607125314,confined bubble / slug,13298.197916342811,66.6420492988059,99978.57181633421,593.2822965921417,23422.585446981684
0.0018333333333333335,0.01921916196191589,0.5498904553775463,confined bubble / slug,13302.332566210363,66.6358702262377,99978.57478228904,578.6910476904168,24018.974509294923
0.001916666666666667,0.020092760529309427,0.5610860726556985,confined bubble / slug,13306.472993581829,66.62968636708212,99978.57775054144,564.8002879736631,24595.844843969782
0.002,0.020966359122649065,0.5717568154410899,confined bubble / slug,13310.619173831563,66.62349777060192,99978.58072106774,551.5607567938674,25155.796815766
0.0020833333333333337,0.021839957741954578,0.581938749180208,confined bubble / slug,13314.77108450506,66.61730448272745,99978.58369384593,538.9277066003777,25701.17918078905
0.002166666666666667,0.022713556387245554,0.5916647091081418,confined bubble / slug,13318.928705128652,66.61110654635023,99978.5866688554,526.8603976689313,26234.053300030908
0.0022500000000000003,0.0235871550585414,0.600964653971694,churn / transitional,13323.092017040968,66.60490400158298,99978.58964607687,515.3216592260983,26756.19112228999
0.0023333333333333335,0.024460753755861372,0.6098659742674749,churn / transitional,13327.261003243191,66.59869688599089,99978.59262549237,504.27750700844007,27269.093241431045
0.002416666666666667,0.025334352479224564,0.6183937616755057,churn / transitional,13331.435648265659,66.59248523479764,99978.59560708494,493.6968089676381,27774.017128726817
0.0025000000000000005,0.026207951228649926,0.6265710452705433,churn / transitional,13335.615938048579,66.58626908106964,99978.59859083872,483.5509921955623,28272.00901007731
0.0025833333333333337,0.027081550004156286,0.6344189991940762,churn / transitional,13339.801859835186,66.58004845588151,99978.60157673882,473.81378525899737,28763.93544659901
0.002666666666666667,0.027955148805762324,0.641957125730429,churn / transitional,13343.993402075668,66.57382338846429,99978.60456477117,464.4609910512766,29250.51248611061
0.0027500000000000003,0.028828747633486623,0.6492034171197419,churn / transitional,13348.190554340592,66.56759390633984,99978.6075549226,455.4702860257524,29732.331426040117
0.0028333333333333335,0.029702346487347646,0.6561744989342864,churn / transitional,13352.393307242703,66.56136003544165,99978.61054718062,446.8210423042261,30209.88093698084
0.0029166666666666672,0.030575945367363747,0.6628857574231873,churn / transitional,13356.601652366066,66.55512180022478,99978.61354153353,438.4941696762855,30683.565690553358
0.0030000000000000005,0.031449544273553176,0.6693514528786259,churn / transitional,13360.815582201774,66.54887922376547,99978.61653797023,430.4719749422381,31153.721829376962
0.0030833333333333338,0.03232314320593411,0.6755848207815035,churn / transitional,13365.035090089426,66.54263232785193,99978.61953648027,422.738036418458,31620.629690496433
0.003166666666666667,0.03319674216452461,0.6815981622363368,churn / transitional,13369.260170163754,66.53638113306722,99978.62253705377,415.27709173192517,32084.524199048064
0.0032500000000000003,0.03407034114934267,0.6874029249956811,churn / transitional,13373.490817305883,66.53012565886493,99978.62553968138,408.0749372906366,32545.60331924561
0.003333333333333334,0.03494394016040619,0.6930097761970466,churn / transitional,13377.727027098668,66.52386592363852,99978.62854435429,401.1183380365923,33004.03490469128
0.0034166666666666672,0.03581753919773301,0.6984286677846923,churn / transitional,13381.968795785757,66.51760194478507,99978.63155106413,394.39494627488784,33459.96224082919
0.0035000000000000005,0.03669113826134091,0.703668895460439,churn / transitional,13386.216120233952,66.51133373876382,99978.63455980303,387.8932285315592,33913.50852504199
0.0035833333333333338,0.037564737351247574,0.7087391518981222,churn / transitional,13390.468997898548,66.5050613211501,99978.63757056347,381.60239952871154,34364.780487270276
0.003666666666666667,0.03843833646747063,0.7136475748625176,churn / transitional,13394.727426791404,66.49878470668511,99978.64058333843,375.5123624818337,34813.87131712921
0.0037500000000000003,0.03931193561002765,0.7184017907930343,churn / transitional,13398.991405451405,66.49250390932202,99978.64359812115,369.6136550241178,35260.863032346024
0.003833333333333334,0.04018553477893617,0.7230089543431543,churn / transitional,13403.260932917186,66.48621894226844,99978.64661490534,363.89740014861485,35705.82839749711
0.003916666666666667,0.04105913397421364,0.7274757843067743,churn / transitional,13407.536008701827,66.479929818026,99978.64963368498,358.355261633276,36148.83248083861
0.004,0.04193273319587746,0.7318085963108606,churn / transitional,13411.81663276938,66.473636548427,99978.65265445439,352.9794034781317,36589.93391980152
0.004083333333333334,0.042806332443945,0.7360133326089706,churn / transitional,13416.10280551307,66.46733914466851,99978.6556772082,347.76245293951894,37029.18595180631
0.0041666666666666675,0.04367993171843358,0.7400955892712096,churn / transitional,13420.39452773503,66.46103761734415,99978.65870194131,342.6974667946336,37466.637255850714
0.00425,0.044553531019360486,0.7440606410322508,churn / transitional,13424.691800627385,66.45473197647354,99978.66172864893,337.7779005117993,37902.3326413358
0.004333333333333334,0.04542713034674293,0.7479134640294237,churn / transitional,13428.994625754649,66.44842223153015,99978.6647573265,332.997580038595,38336.31361339344
0.004416666666666667,0.04630072970059812,0.7516587566369757,churn / transitional,13433.303005037258,66.4421083914669,99978.66778796974,328.3506759521214,38768.61883821337
0.0045000000000000005,0.047174329080943204,0.7553009585799206,churn / transitional,13437.61694073621,66.43579046474048,99978.67082057455,323.8316797438399,39199.284527257514
0.004583333333333334,0.04804792848779531,0.7588442684909642,churn / transitional,13441.936435438663,66.42946845933385,99978.67385513717,319.43538203613343,39628.3447555585
0.004666666666666667,0.048921527921171534,0.7622926600564847,churn / transitional,13446.261492044461,66.4231423827775,99978.6768916539,315.1568525494745,40055.83172634619
0.004750000000000001,0.049795127381088926,0.7656498968821026,churn / transitional,13450.592113753482,66.41681224216937,99978.67993012139,310.99142165823616,40481.775991880815
0.004833333333333334,0.05066872686756453,0.7689195461947629,churn / transitional,13454.928304053785,66.41047804419358,99978.6829705364,306.934663390084,40906.20663847434
0.004916666666666667,0.051542326380615344,0.7721049914861949,churn / transitional,13459.270066710451,66.40413979513795,99978.68601289598,302.982379738829,41329.15144216013
0.005000000000000001,0.05241592592025834,0.7752094441919646,churn / transitional,13463.6174057551,66.39779750091063,99978.68905719719,299.1305861738574,41750.63700024739
0.005083333333333334,0.053289525486510475,0.7782359544908578,churn / transitional,13467.97032547603,66.39145116705569,99978.69210343744,295.3754982409887,42170.6888430136
0.0051666666666666675,0.054163125079388696,0.7811874213009413,churn / transitional,13472.328830408922,66.38510079876787,99978.69515161423,291.713519160045,42589.33152899438
0.00525,0.0550367246989099,0.7840666015411603,churn / transitional,13476.692925328063,66.37874640090638,99978.6982017252,288.1412283336917,43006.58872669092
0.005333333333333334,0.055910324345090974,0.786876118720669,churn / transitional,13481.062615238083,66.37238797800813,99978.70125376819,284.65537069037924,43422.483284998176
0.005416666666666668,0.056783924017948795,0.7896184709121477,churn / transitional,13485.437905366154,66.36602553430016,99978.70430774118,281.252846791596,43837.03729423758
0.0055000000000000005,0.05765752371750023,0.7922960381600366,churn / transitional,13489.818801154595,66.35965907371127,99978.70736364226,277.930703640235,44250.2721393397
0.005583333333333334,0.0585311234437621,0.7949110893698659,churn / transitional,13494.205308253913,66.35328859988319,99978.7104214697,274.68612613278185,44662.20854644569
0.005666666666666667,0.059404723196751254,0.7974657887205977,churn / transitional,13498.59743251618,66.34691411618115,99978.71348122187,271.51642910331896,45072.86662397299
0.005750000000000001,0.060278322976484486,0.7999622016380659,churn / transitional,13502.995179988804,66.34053562570392,99978.7165428973,268.4190499120867,45482.26589900692
0.0058333333333333345,0.06115192278297859,0.80240230036417,churn / transitional,13507.398556908567,66.33415313129314,99978.71960649462,265.3915415356067,45890.42534973209
0.005916666666666667,0.06202552261625036,0.8047879691533825,churn / transitional,13511.807569696048,66.32776663554246,99978.72267201258,262.4315661192105,46297.36343449392
0.006000000000000001,0.06289912247631659,0.807121009125344,churn / transitional,13516.222224950267,66.32137614080605,99978.72573945005,259.5368889562693,46703.09811798199
0.006083333333333334,0.06377272236319402,0.8094031427998114,churn / transitional,13520.642529443634,66.31498164920674,99978.72880880602,256.705372861538,47107.64689494403
0.0061666666666666675,0.06464632227689943,0.8116360183379572,churn / transitional,13525.068490117148,66.30858316264381,99978.73188007956,253.93497290884156,47511.026811772565
0.006250000000000001,0.06551992221744955,0.8138212135119637,churn / transitional,13529.500114075818,66.30218068280023,99978.73495326989,251.22373150587148,47913.25448624982
0.006333333333333334,0.06639352218486115,0.8159602394230067,churn / transitional,13533.93740858433,66.29577421114985,99978.73802837628,248.5697737811652,48314.346125691874
0.006416666666666668,0.06726712217915097,0.8180545439860394,churn / transitional,13538.380381062925,66.289363748964,99978.74110539813,245.97130326042316,48714.317543693585
0.006500000000000001,0.06814072220033573,0.8201055151982655,churn / transitional,13542.829039083439,66.28294929731786,99978.74418433492,243.42659781121068,49113.184175645976
0.006583333333333334,0.06901432224843217,0.8221144842068042,churn / transitional,13547.283390365596,66.27653085709656,99978.74726518622,240.93400583680696,49510.961093170416
0.006666666666666668,0.06988792232345702,0.8240827281897971,churn / transitional,13551.743442773408,66.27010842900111,99978.75034795172,238.49194270152495,49907.66301759294
0.006750000000000001,0.07076152242542696,0.8260114730640581,churn / transitional,13556.209204311814,66.26368201355372,99978.75343263114,236.098887371243,50303.304332563646
0.0068333333333333345,0.07163512255435879,0.8279018960313299,churn / transitional,13560.680683123395,66.25725161110336,99978.7565192243,233.75337925418273,50697.8990959112
0.006916666666666667,0.07250872271026919,0.8297551279742612,churn / transitional,13565.157887485322,66.2508172218306,99978.75960773116,231.454015228145,51091.46105080959
0.007000000000000001,0.07338232289317487,0.8315722557123484,churn / transitional,13569.64082580639,66.2443788457527,99978.76269815168,229.19944684148945,51484.00363632371
0.007083333333333334,0.07425592310309256,0.8333543241273021,churn / transitional,13574.129506624191,66.23793648272806,99978.76579048592,226.98837767612537,51875.53999739157
0.0071666666666666675,0.075129523340039,0.835102338166569,churn / transitional,13578.623938602457,66.23149013246075,99978.76888473405,224.8195608616787,52266.08299429309
0.007250000000000001,0.0760031236040309,0.8368172647330808,churn / transitional,13583.124130528468,66.22503979450478,99978.77198089627,222.69179673081823,52655.64521164939
0.007333333333333334,0.076876723895085,0.8385000344687012,churn / transitional,13587.630091310595,66.21858546826819,99978.77507897286,220.6039306064784,53044.23896699074
0.007416666666666668,0.07775032421321801,0.8401515434382766,churn / transitional,13592.141829975972,66.21212715301685,99978.77817896419,218.55485071240196,53431.87631892693
0.007500000000000001,0.07862392455844666,0.8417726547206993,churn / transitional,13596.659355668246,66.2056648478784,99978.78128087065,216.5434861990583,53818.569074949766
0.007583333333333334,0.07949752493078771,0.843364199912915,churn / transitional,13601.182677645435,66.19919855184568,99978.78438469276,214.56880527757264,54204.32879889443
0.007666666666666668,0.08037112533025788,0.8449269805523832,churn / transitional,13605.711805277864,66.19272826378032,99978.78749043103,212.629813454834,54589.166818082755
0.007750000000000001,0.08124472575687391,0.8464617694631036,churn / transitional,13610.246748046218,66.18625398241596,99978.79059808608,210.72555186343797,54973.09423016996
0.007833333333333335,0.08211832621065258,0.8479693120299544,churn / transitional,13614.787515539658,66.17977570636151,99978.7937076586,208.8550956805736,55356.12190971337
0.007916666666666667,0.08299192669161062,0.8494503274057618,churn / transitional,13619.334117454018,66.17329343410411,99978.79681914925,207.0175526303747,55738.26051448045
0.008,0.08386552719976482,0.8509055096552032,annular tendency,13623.886563590086,66.16680716401224,99978.7999325589,205.2120615646411,56119.52049151168
0.008083333333333335,0.08473912773513192,0.8523355288393715,annular tendency,13628.444863851953,66.16031689433837,99978.80304788834,203.43779111718712,56499.91208295173
0.008166666666666668,0.08561272829772874,0.8537410320445566,annular tendency,13633.009028245438,66.15382262322184,99978.80616513849,201.6939384273981,56879.44533166274
0.00825,0.08648632888757204,0.8551226443585661,annular tendency,13637.57906687657,66.14732434869136,99978.80928431026,199.97972792887884,57258.13008663026
0.008333333333333335,0.08735992950467861,0.8564809697976777,annular tendency,13642.154989950131,66.14082206866759,99978.81240540466,198.2944101993531,57635.97600817381
0.008416666666666668,0.08823353014906526,0.8578165921871144,annular tendency,13646.736807768282,66.13431578096555,99978.81552842277,196.6372608682317,58012.99257297098
0.0085,0.08910713082074882,0.859130075997734,annular tendency,13651.324530729218,66.12780548329702,99978.81865336566,195.0075795785033,58389.18907890479
0.008583333333333335,0.08998073151974609,0.8604219671414578,annular tendency,13655.918169325902,66.1212911732727,99978.82178023446,193.40468899982238,58764.57464974287
0.008666666666666668,0.09085433224607392,0.8616927937277876,annular tendency,13660.51773414482,66.11477284840436,99978.8249090304,191.8279338898724,59139.15823965597
0.00875,0.09172793299974914,0.8629430667836194,annular tendency,13665.123235864834,66.10825050610711,99978.8280397547,190.27668020127217,59512.948637583395
0.008833333333333334,0.09260153378078861,0.8641732809384092,annular tendency,13669.73468525604,66.10172414370123,99978.83117240865,188.75031423146706,59885.95447145247
0.008916666666666668,0.09347513458920921,0.8653839150766253,annular tendency,13674.352093178699,66.09519375841418,99978.83430699361,187.24824181321128,60258.18421225799
0.009000000000000001,0.09434873542502782,0.8665754329592932,annular tendency,13678.97547058219,66.08865934738253,99978.83744351089,185.7698875433979,60629.64617800806
0.009083333333333334,0.09522233628826131,0.8677482838163263,annular tendency,13683.604828504036,66.08212090765365,99978.84058196195,184.3146940481334,61000.348537541955
0.009166666666666668,0.09609593717892659,0.8689029029112372,annular tendency,13688.240178068932,66.07557843618761,99978.84372234828,182.88212128208502,61370.29931422531
0.009250000000000001,0.09696953809704056,0.8700397120797124,annular tendency,13692.881530487855,66.06903192985872,99978.8468646713,181.47164586025121,61739.50638952739
0.009333333333333334,0.0978431390426202,0.8711591202434594,annular tendency,13697.528897057173,66.06248138545729,99978.85000893261,180.08276042041686,62107.97750648595
0.009416666666666669,0.09871674001568241,0.8722615239006349,annular tendency,13702.18228915782,66.05592679969108,99978.85315513378,178.71497301466323,62475.72027306338
0.009500000000000001,0.09959034101624417,0.8733473075940913,annular tendency,13706.841718254487,66.04936816918689,99978.85630327644,177.3678065283987,62842.74216539893
0.009583333333333334,0.10046394204432242,0.8744168443586048,annular tendency,13711.507195894843,66.04280549049207,99978.85945336221,176.04079812546908,63209.05053096074
0.009666666666666667,0.10133754309993419,0.8754704961481763,annular tendency,13716.178733708824,66.03623876007583,99978.8626053928,174.73349871799218,63574.6525916019
0.009750000000000002,0.10221114418309644,0.8765086142444334,annular tendency,13720.856343407893,66.02966797433069,99978.86575936996,173.44547245964023,63939.55544652385
0.009833333333333335,0.10308474529382623,0.8775315396471005,annular tendency,13725.540036784389,66.0230931295738,99978.86891529545,172.17629626117,64303.766075150634
0.009916666666666667,0.10395834643214055,0.8785396034474527,annular tendency,13730.229825710863,66.01651422204816,99978.87207317105,170.92555932706833,64667.29133991763
0.010000000000000002,0.10483194759805647,0.8795331271856078,annular tendency,13734.925722139466,66.00993124792396,99978.87523299863,169.69286271224792,65030.137988977505
0.010083333333333335,0.10570554879159105,0.8805124231924685,annular tendency,13739.627738101353,66.00334420329972,99978.87839478004,168.47781889778813,65392.31265882667
0.010166666666666668,0.10657915001276137,0.88147779491708,annular tendency,13744.335885706107,65.99675308420342,99978.88155851723,167.28005138477263,65753.82187685507
0.010250000000000002,0.10745275126158453,0.8824295372401213,annular tendency,13749.050177141202,65.9901578865937,99978.88472421207,166.09919430533031,66114.67206382207
0.010333333333333335,0.10832635253807765,0.8833679367742125,annular tendency,13753.77062467148,65.98355860636093,99978.88789186659,164.93489205003505,66474.86953626084
0.010416666666666668,0.10919995384225785,0.884293272151679,annular tendency,13758.497240638659,65.97695523932813,99978.89106148276,163.786798910867,66834.42050881396
0.0105,0.11007355517414227,0.8852058143003803,annular tendency,13763.230037460844,65.97034778125227,99978.89423306263,162.65457873898268,67193.33109650308
0.010583333333333335,0.1109471565337481,0.8861058267081776,annular tendency,13767.969027632083,65.96373622782494,99978.89740660829,161.53790461658244,67551.60731693362
0.010666666666666668,0.11182075792109251,0.8869935656765813,annular tendency,13772.714223721938,65.95712057467351,99978.9005821218,160.43645854220136,67909.25509243837
0.010750000000000001,0.11269435933619272,0.8878692805640913,annular tendency,13777.465638375057,65.95050081736201,99978.90375960531,159.34993112878894,68266.28025216094
0.010833333333333335,0.11356796077906595,0.8887332140197175,annular tendency,13782.223284310785,65.94387695139197,99978.90693906098,158.2780213139737,68622.68853408136
0.010916666666666668,0.11444156224972943,0.889585602207136,annular tendency,13786.987174322807,65.93724897220335,99978.91012049098,157.2204360819439,68978.48558698624
0.011000000000000001,0.11531516374820043,0.8904266750199213,annular tendency,13791.757321278747,65.93061687517539,99978.91330389754,156.1768901964041,69333.6769723845
0.011083333333333334,0.11618876527449622,0.8912566562882603,annular tendency,13796.53373811988,65.92398065562733,99978.91648928294,155.14710594409667,69688.26816637142
0.011166666666666668,0.11706236682863412,0.8920757639775437,annular tendency,13801.316437860765,65.91734030881935,99978.91967664941,154.1308128884035,70042.26456144196
0.011250000000000001,0.11793596841063143,0.8928842103792037,annular tendency,13806.10543358896,65.91069582995314,99978.92286599925,153.12774763256922,70395.67146825524
0.011333333333333334,0.11880957002050552,0.8936822022941453,annular tendency,13810.900738464734,65.90404721417286,99978.92605733483,152.13765359210956,70748.49411735211
0.011416666666666669,0.1196831716582737,0.8944699412091103,annular tendency,13815.702365720768,65.89739445656568,99978.92925065848,151.1602807759928,71100.737660827
0.011500000000000002,0.12055677332395341,0.8952476234662842,annular tendency,13820.510328661923,65.89073755216258,99978.9324459726,150.19538557620172,71452.40717395511
0.011583333333333334,0.12143037501756203,0.8960154404264511,annular tendency,13825.32464066497,65.88407649593894,99978.93564327959,149.24273056530404,71803.50765677757
0.011666666666666669,0.12230397673911698,0.8967735786259748,annular tendency,13830.145315178364,65.87741128281533,99978.93884258188,148.30208430167812,72154.04403564458
0.011750000000000002,0.1231775784886357,0.8975222199278856,annular tendency,13834.972365722037,65.87074190765799,99978.94204388195,147.37322114205836,72504.02116471862
0.011833333333333335,0.12405118026613567,0.8982615416673192,annular tendency,13839.805805887165,65.86406836527955,99978.9452471823,146.4559210610808,72853.44382743898
0.011916666666666667,0.12492478207163435,0.8989917167915616,annular tendency,13844.645649336002,65.85739065043958,99978.94845248542,145.54996947752696,73202.31673794826
0.012000000000000002,0.1257983839051493,0.8997129139949276,annular tendency,13849.491909801684,65.85070875784521,99978.95165979386,144.65515708697646,73550.64454248289
0.012083333333333335,0.12667198576669803,0.9004252978486924,annular tendency,13854.344601088063,65.8440226821516,99978.9548691102,143.77127970059496,73898.43182072774
0.012166666666666668,0.1275455876562981,0.9011290289262905,annular tendency,13859.203737069547,65.83733241796264,99978.95808043702,142.8981380897965,74245.68308713697
0.012250000000000002,0.12841918957396703,0.9018242639239803,annular tendency,13864.06933169096,65.83063795983131,99978.96129377693,142.03553783653203,74592.40279222142
0.012333333333333335,0.12929279151972248,0.9025111557771629,annular tendency,13868.941398967403,65.82393930226027,99978.96450913255,141.18328918896745,74938.59532380365
0.012416666666666668,0.1301663934935821,0.9031898537725401,annular tendency,13873.81995298413,65.81723643970241,99978.96772650658,140.34120692232688,75284.26500824218
0.012500000000000002,0.1310399954955635,0.9038605036562809,annular tendency,13878.705007896431,65.81052936656121,99978.97094590169,139.50911020468615,75629.41611162487
0.012583333333333335,0.13191359752568438,0.9045232477383639,annular tendency,13883.596577929547,65.80381807719132,99978.97416732059,138.68682246751231,75974.0528409335
0.012666666666666668,0.13278719958396237,0.9051782249932506,annular tendency,13888.494677378538,65.79710256589898,99978.97739076601,137.87417128075515,76318.17934517919
0.012750000000000001,0.13366080167041525,0.9058255711570401,annular tendency,13893.399320608238,65.79038282694236,99978.98061624069,137.0709882323039,76661.79971651077
0.012833333333333335,0.13453440378506076,0.9064654188212471,annular tendency,13898.310522053163,65.78365885453213,99978.98384374747,136.2771088116336,77004.91799129588
0.012916666666666668,0.13540800592791666,0.9070978975233412,annular tendency,13903.228296217445,65.77693064283184,99978.98707328908,135.49237229747104,77347.538151176
0.013000000000000001,0.1362816080990007,0.907723133834175,annular tendency,13908.152657674778,65.77019818595822,99978.99030486838,134.71662164931968,77689.66412409648
0.013083333333333336,0.13715521029833075,0.9083412514424252,annular tendency,13913.083621068374,65.76346147798168,99978.9935384882,133.94970340269003,78031.29978531151
0.013166666666666669,0.13802881252592464,0.9089523712361672,annular tendency,13918.02120111092,65.75672051292668,99978.99677415143,133.19146756788803,78372.44895836574
0.013250000000000001,0.13890241478180024,0.9095566113816946,annular tendency,13922.96541258454,65.74997528477199,99979.00001186095,132.44176753222177,78713.11541605226
0.013333333333333336,0.13977601706597542,0.9101540873996901,annular tendency,13927.916270340786,65.74322578745117,99979.00325161967,131.7004599654925,79053.30288134818
0.013416666666666669,0.14064961937846812,0.9107449122388549,annular tendency,13932.87378930062,65.73647201485282,99979.0064934305,130.96740472864164,79393.01502832865
0.013500000000000002,0.1415232217192963,0.9113291963470906,annular tendency,13937.837984454403,65.72971396082099,99979.00973729644,130.2424647854319,79732.2554830589
0.013583333333333334,0.1423968240884779,0.9119070477403319,annular tendency,13942.808870861885,65.72295161915545,99979.01298322044,129.52550611704575,80071.02782446632
0.013666666666666669,0.14327042648603092,0.9124785720691164,annular tendency,13947.786463652246,65.71618498361198,99979.01623120552,128.81639763948854,80409.33558519206
0.013750000000000002,0.1441440289119734,0.9130438726829814,annular tendency,13952.770778024067,65.70941404790278,99979.01948125464,128.11501112369046,80747.18225242315
0.013833333333333335,0.14501763136632337,0.9136030506927671,annular tendency,13957.761829245395,65.70263880569661,99979.0227333709,127.4212211182045,81084.57126870564
0.01391666666666667,0.1458912338490989,0.9141562050309077,annular tendency,13962.759632653739,65.69585925061921,99979.02598755734,126.73490487440232,81421.50603273924
0.014000000000000002,0.14676483636031812,0.9147034325097817,annular tendency,13967.764203656126,65.68907537625347,99979.02924381703,126.05594227407491,81757.9899001541
0.014083333333333335,0.14763843889999914,0.9152448278782007,annular tendency,13972.775557729135,65.6822871761398,99979.03250215309,125.38421575934792,82094.02618426993
0.014166666666666668,0.14851204146816013,0.9157804838760977,annular tendency,13977.793710418959,65.67549464377629,99979.03576256862,124.71961026482593,82429.61815683832
0.014250000000000002,0.14938564406481927,0.916310491287488,annular tendency,13982.81867734143,65.668697772619,99979.03902506678,124.0620131518834,82764.7690487683
0.014333333333333335,0.15025924668999477,0.9168349389917624,annular tendency,13987.850474182118,65.66189655608223,99979.04228965072,123.41131414502341,83099.48205083594
0.014416666666666668,0.15113284934370486,0.9173539140133742,annular tendency,13992.88911669638,65.65509098753868,99979.0455563236,122.76740527022865,83433.76031437832
0.014500000000000002,0.15200645202596783,0.9178675015699801,annular tendency,13997.93462070943,65.6482810603198,99979.04882508868,122.13018079523259,83767.60695197215
0.014583333333333335,0.15288005473680194,0.9183757851190882,annular tendency,14002.987002116435,65.64146676771583,99979.05209594913,121.49953717164097,84101.02503809748
0.014666666666666668,0.15375365747622552,0.9188788464032692,annular tendency,14008.046276882587,65.63464810297616,99979.0553689082,120.87537297883715,84434.01760978722
0.014750000000000003,0.15462726024425694,0.9193767654939804,annular tendency,14013.112461043198,65.62782505930949,99979.05864396915,120.25758886960799,84766.58766726239
0.014833333333333336,0.1555008630409146,0.9198696208340534,annular tendency,14018.185570703801,65.62099762988399,99979.06192113529,119.64608751742841,85098.73817455352
0.014916666666666668,0.15637446586621684,0.9203574892788919,annular tendency,14023.26562204025,65.6141658078275,99979.06520040987,119.04077356534619,85430.47206010908
0.015000000000000001,0.15724806872018215,0.9208404461364246,annular tendency,14028.352631298827,65.60732958622786,99979.06848179625,118.44155357641044,85761.79221739067
0.015083333333333336,0.158121671602829,0.9213185652058576,annular tendency,14033.446614796358,65.60048895813279,99979.07176529773,117.84833598559,86092.7015054556
0.015166666666666669,0.1589952745141759,0.9217919188152697,annular tendency,14038.547588920332,65.59364391655029,99979.07505091769,117.2610310531294,86423.20274952699
0.015250000000000001,0.1598688774542413,0.9222605778580861,annular tendency,14043.655570129025,65.5867944544488,99979.0783386595,116.67955081929267,86753.29874155205
0.015333333333333336,0.16074248042304384,0.9227246118284754,annular tendency,14048.770574951628,65.57994056475724,99979.08162852656,116.10380906044678,87082.99224074864
0.015416666666666669,0.16161608342060205,0.9231840888557015,annular tendency,14053.892619988374,65.57308224036521,99979.08492052226,115.53372124643931,87412.28597414016
0.015500000000000002,0.16248968644693457,0.9236390757374694,annular tendency,14059.021721910685,65.56621947412324,99979.08821465005,114.96920449922544,87741.1826370797
0.015583333333333336,0.16336328950206006,0.9240896379722985,annular tendency,14064.157897461326,65.55935225884275,99979.0915109134,114.4101775527018,88069.68489376284
0.01566666666666667,0.16423689258599716,0.9245358397909542,annular tendency,14069.301163454536,65.55248058729629,99979.09480931573,113.85656071370687,88397.79537773046
0.015750000000000004,0.1651104956987646,0.9249777441869745,annular tendency,14074.451536776172,65.5456044522177,99979.09810986057,113.30827582414793,88725.5166923606
0.015833333333333335,0.1659840988403811,0.9254154129463156,annular tendency,14079.609034383911,65.53872384630218,99979.1014125514,112.7652462242171,89052.85141135087
0.01591666666666667,0.16685770201086542,0.9258489066761502,annular tendency,14084.773673307365,65.5318387622064,99979.10471739178,112.22739671666005,89379.80207919049
0.016,0.16773130521023638,0.9262782848328469,annular tendency,14089.94547064827,65.52494919254866,99979.1080243852,111.69465353206252,89706.37121162323
0.016083333333333335,0.16860490843851278,0.9267036057491551,annular tendency,14095.124443580655,65.51805512990896,99979.11133353527,111.16694429512063,90032.56129610079
0.01616666666666667,0.1694785116957135,0.9271249266606227,annular tendency,14100.310609351032,65.5111565668291,99979.11464484555,110.64419799186315,90358.37479222685
0.01625,0.17035211498185748,0.9275423037312727,annular tendency,14105.503985278538,65.50425349581289,99979.11795831965,110.1263449377939,90683.81413219289
0.016333333333333335,0.17122571829696356,0.9279557920785618,annular tendency,14110.704588755161,65.49734590932607,99979.12127396117,109.61331674692497,91008.88172120441
0.01641666666666667,0.17209932164105074,0.9283654457976449,annular tendency,14115.91243724591,65.4904337997965,99979.12459177374,109.10504630167114,91333.5799378997
0.0165,0.172972925014138,0.928771317984967,annular tendency,14121.127548289009,65.48351715961428,99979.12791176102,108.60146772357825,91657.9111347595
0.016583333333333335,0.17384652841624432,0.9291734607612053,annular tendency,14126.349939496089,65.47659598113175,99979.13123392669,108.1025163448584,91981.87763850903
0.01666666666666667,0.1747201318473888,0.9295719252935817,annular tendency,14131.579628552416,65.46967025666365,99979.13455827444,107.60812868070606,92305.48175051219
0.01675,0.17559373530759054,0.9299667618175657,annular tendency,14136.816633217055,65.46273997848708,99979.13788480798,107.11824240237077,92628.72574715775
0.016833333333333336,0.17646733879686857,0.9303580196579873,annular tendency,14142.06097132312,65.45580513884171,99979.141213531,106.63279631096157,92951.61188023833
0.01691666666666667,0.1773409423152421,0.9307457472495781,annular tendency,14147.312660777952,65.44886572992974,99979.14454444728,106.15173031196069,93274.14237732199
0.017,0.17821454586273033,0.9311299921569599,annular tendency,14152.571719563375,65.441921743916,99979.14787756056,105.67498539042421,93596.31944211661
0.017083333333333336,0.17908814943935245,0.9315108010940949,annular tendency,14157.838165735884,65.43497317292804,99979.15121287463,105.20250358684767,93918.14525482709
0.01716666666666667,0.17996175304512765,0.9318882199432191,annular tendency,14163.112017426887,65.42802000905607,99979.15455039329,104.73422797367635,94239.62197250641
0.01725,0.18083535668007533,0.9322622937732706,annular tendency,14168.393292842933,65.42106224435322,99979.15789012035,104.27010263244024,94560.75172939902
0.017333333333333336,0.1817089603442147,0.9326330668578303,annular tendency,14173.682010265944,65.41409987083534,99979.16123205963,103.8100726314942,94881.53663727855
0.01741666666666667,0.18258256403756515,0.9330005826925907,annular tendency,14178.978188053447,65.40713288048123,99979.164576215,103.3540840043446,95201.9787857788
0.0175,0.18345616776014603,0.9333648840123643,annular tendency,14184.281844638832,65.40016126523258,99979.16792259034,102.90208372854502,95522.0802427184
0.017583333333333336,0.18432977151197677,0.9337260128076501,annular tendency,14189.592998531569,65.39318501699404,99979.17127118948,102.45401970514301,95841.84305441978
0.017666666666666667,0.18520337529307684,0.9340840103407682,annular tendency,14194.911668317487,65.3862041276333,99979.17462201638,102.00984073866151,96161.26924602181
0.017750000000000002,0.1860769791034657,0.9344389171615748,annular tendency,14200.237872659007,65.37921858898099,99979.17797507494,101.56949651759908,96480.36082178669
0.017833333333333336,0.1869505829431629,0.934790773122775,annular tendency,14205.571630295395,65.37222839283088,99979.18133036907,101.1329375954325,96799.11976540151
0.017916666666666668,0.18782418681218796,0.9351396173948403,annular tendency,14210.912960043042,65.3652335309397,99979.18468790279,100.70011537210762,97117.54804027383
0.018000000000000002,0.18869779071056048,0.935485488480545,annular tendency,14216.261880795704,65.3582339950274,99979.18804768001,100.27098207600324,97435.64758982201
0.018083333333333337,0.18957139463830006,0.935828424229133,annular tendency,14221.618411524782,65.35122977677693,99979.19140970478,99.8454907463542,97753.42033776033
0.018166666666666668,0.19044499859542638,0.9361684618501255,annular tendency,14226.982571279594,65.3442208678344,99979.19477398109,99.42359521612026,98070.86818837868
0.018250000000000002,0.19131860258195912,0.9365056379267788,annular tendency,14232.354379187638,65.33720725980908,99979.19814051292,99.00525009528725,98387.99302681765
0.018333333333333337,0.192192206597918,0.9368399884292057,annular tendency,14237.733854454882,65.33018894427336,99979.20150930439,98.59041075458828,98704.79671933774
0.018416666666666668,0.19306581064332276,0.9371715487271666,annular tendency,14243.121016366033,65.32316591276275,99979.20488035951,98.1790333096322,99021.2811135849
0.018500000000000003,0.1939394147181933,0.9375003536025438,annular tendency,14248.51588428484,65.31613815677596,99979.20825368239,97.77107460542807,99337.44803885055
0.018583333333333337,0.1948130188225493,0.9378264372615032,annular tendency,14253.918477654355,65.3091056677748,99979.21162927711,97.36649220129365,99653.29930632684
0.018666666666666668,0.1956866229564108,0.9381498333463578,annular tendency,14259.328815997254,65.30206843718423,99979.21500714778,96.96524435613705,99968.836709358
0.018750000000000003,0.19656022711979754,0.9384705749471387,annular tendency,14264.746918916106,65.2950264563924,99979.21838729858,96.56729001410105,100284.06202368689
0.018833333333333337,0.19743383131272957,0.9387886946128806,annular tendency,14270.172806093695,65.28797971675053,99979.22176973359,96.17258879055906,100598.97700769705
0.01891666666666667,0.19830743553522684,0.9391042243626335,annular tendency,14275.60649729331,65.28092820957298,99979.22515445705,95.78110095845355,100913.5834026507
0.019000000000000003,0.19918103978730933,0.9394171956962064,annular tendency,14281.048012359044,65.27387192613716,99979.22854147309,95.39278743496646,101227.88293292257
0.019083333333333334,0.20005464406899712,0.9397276396046491,annular tendency,14286.497371216123,65.26681085768368,99979.23193078596,95.00760976851275,101541.87730622962
0.01916666666666667,0.20092824838031031,0.9400355865804833,annular tendency,14291.954593871193,65.25974499541611,99979.23532239982,94.6255301260477,101855.56821385663
0.019250000000000003,0.20180185272126902,0.9403410666276857,annular tendency,14297.419700412662,65.25267433050112,99979.238716319,94.24651128067926,102168.95733087831
0.019333333333333334,0.2026754570918934,0.9406441092714344,annular tendency,14302.892711011005,65.24559885406838,99979.24211254768,93.87051659957687,102482.04631637687
0.01941666666666667,0.20354906149220367,0.9409447435676206,annular tendency,14308.373645919086,65.23851855721054,99979.24551109018,93.49751003216879,102794.83681365651
0.019500000000000003,0.20442266592222003,0.9412429981121362,annular tendency,14313.862525472494,65.23143343098323,99979.24891195077,93.12745609861926,103107.33045045397
0.019583333333333335,0.20529627038196274,0.9415389010499404,annular tendency,14319.359370089856,65.22434346640505,99979.25231513375,92.76031987857874,103419.52883914548
0.01966666666666667,0.20616987487145216,0.9418324800839143,annular tendency,14324.864200273189,65.2172486544574,99979.2557206435,92.39606700019881,103731.43357695012
0.019750000000000004,0.20704347939070863,0.9421237624835056,annular tendency,14330.377036608228,65.21014898608465,99979.25912848432,92.03466362940502,104043.04624613006
0.019833333333333335,0.20791708393975253,0.9424127750931729,annular tendency,14335.897899764765,65.20304445219391,99979.26253866058,91.67607645942061,104354.36841418689
0.01991666666666667,0.2087906885186043,0.9426995443406331,annular tendency,14341.426810496994,65.19593504365511,99979.26595117668,91.32027270053396,104665.4016340552
0.020000000000000004,0.20966429312728438,0.9429840962449163,annular tendency,14346.963789643858,65.1888207513009,99979.26936603701,90.96722007010364,104976.14744429255
0.020083333333333335,0.2105378977658133,0.9432664564242362,annular tendency,14352.508858129397,65.18170156592664,99979.272783246,90.61688678279415,105286.60736926646
0.02016666666666667,0.21141150243421158,0.9435466501036786,annular tendency,14358.062036963107,65.17457747829033,99979.27620280805,90.26924154103676,105596.78291933813
0.020250000000000004,0.2122851071324998,0.9438247021227129,annular tendency,14363.62334724029,65.16744847911256,99979.27962472767,89.9242535257087,105906.67559104337
0.020333333333333335,0.2131587118606986,0.944100636942533,annular tendency,14369.192810142418,65.16031455907647,99979.28304900927,89.58189238702559,106216.28686727007
0.02041666666666667,0.2140323166188286,0.9443744786532315,annular tendency,14374.770446937506,65.15317570882766,99979.2864756574,89.24212823564098,106525.61821743338
0.020500000000000004,0.21490592140691056,0.9446462509808098,annular tendency,14380.356278980453,65.14603191897422,99979.28990467652,88.9049316339476,106834.67109764765
0.020583333333333335,0.21577952622496513,0.9449159772940309,annular tendency,14385.950327713446,65.13888318008654,99979.29333607119,88.5702735875753,107143.44695089539
0.02066666666666667,0.21665313107301318,0.9451836806111176,annular tendency,14391.552614666314,65.13172948269735,99979.29676984594,88.23812553708002,107451.94720719392
0.02075,0.21752673595107544,0.9454493836063014,annular tendency,14397.1631614569,65.1245708173017,99979.30020600534,87.90845934981928,107760.17328375904
0.020833333333333336,0.21840034085917284,0.9457131086162234,annular tendency,14402.781989791463,65.11740717435671,99979.30364455393,87.58124731200898,108068.12658516601
0.02091666666666667,0.21927394579732623,0.9459748776461955,annular tendency,14408.409121465045,65.11023854428173,99979.30708549637,87.25646212095707,108375.80850350825
0.021,0.22014755076555656,0.9462347123763192,annular tendency,14414.044578361872,65.10306491745806,99979.31052883726,86.93407687746912,108683.22041855303
0.021083333333333336,0.2210211557638848,0.9464926341674723,annular tendency,14419.688382455726,65.09588628422904,99979.31397458121,86.61406507842207,108990.36369789517
0.02116666666666667,0.221894760792332,0.9467486640671632,annular tendency,14425.340555810357,65.08870263489992,99979.31742273287,86.29640060950089,109297.23969710784
0.02125,0.22276836585091922,0.947002822815255,annular tendency,14431.001120579884,65.08151395973775,99979.32087329697,85.9810577380949,109603.84975989127
0.021333333333333336,0.22364197093966753,0.9472551308495674,annular tendency,14436.670099009178,65.07432024897136,99979.32432627813,85.66801110634901,109910.195218219
0.02141666666666667,0.22451557605859807,0.9475056083113548,annular tendency,14442.347513434273,65.06712149279124,99979.32778168109,85.35723572436633,110216.27739248182
0.021500000000000002,0.22538918120773202,0.9477542750506653,annular tendency,14448.033386282797,65.05991768134953,99979.33123951059,85.04870696355819,110522.09759162943
0.021583333333333336,0.2262627863870906,0.9480011506315855,annular tendency,14453.727740074351,65.05270880475982,99979.33469977135,84.74240055013773,110827.65711331002
0.02166666666666667,0.2271363915966951,0.9482462543373718,annular tendency,14459.430597420947,65.04549485309715,99979.33816246815,84.43829255875393,111132.9572440073
0.021750000000000002,0.22800999683656686,0.9484896051754698,annular tendency,14465.141981027413,65.03827581639793,99979.34162760575,84.13635940626165,111437.99925917598
0.021833333333333337,0.22888360210672715,0.9487312218824293,annular tendency,14470.861913691828,65.03105168465983,99979.34509518901,83.8365778456255,111742.78442337459
0.02191666666666667,0.2297572074071974,0.9489711229287132,annular tendency,14476.590418305945,65.02382244784164,99979.34856522267,83.53892495995302,112047.31399039662
0.022000000000000002,0.230630812737999,0.9492093265234033,annular tendency,14482.327517855607,65.01658809586328,99979.35203771162,83.24337815665493,112351.5892033993
0.022083333333333337,0.2315044180991535,0.9494458506188085,annular tendency,14488.073235421201,65.00934861860566,99979.35551266071,82.94991516172857,112655.61129503086
0.022166666666666668,0.2323780234906824,0.9496807129149744,annular tendency,14493.827594178081,65.00210400591052,99979.3589900748,82.65851401416214,112959.38148755553
0.022250000000000002,0.2332516289126072,0.9499139308640998,annular tendency,14499.59061739701,64.99485424758043,99979.36246995878,82.36915306045617,113262.90099297657
0.022333333333333337,0.23412523436494956,0.9501455216748579,annular tendency,14505.362328444617,64.9875993333787,99979.3659523176,82.08181094925995,113566.17101315751
0.022416666666666668,0.23499883984773112,0.9503755023166307,annular tendency,14511.142750783816,64.98033925302917,99979.36943715619,81.7964666261196,113869.192739942
0.022500000000000003,0.23587244536097354,0.9506038895236537,annular tendency,14516.93190797429,64.97307399621617,99979.37292447945,81.51309932833543,114171.96735527091
0.022583333333333337,0.23674605090469858,0.9508306997990738,annular tendency,14522.729823672918,64.96580355258445,99979.37641429239,81.23168857992586,114474.49603129853
0.02266666666666667,0.237619656478928,0.951055949418926,annular tendency,14528.536521634258,64.95852791173905,99979.3799066,80.95221418669506,114776.77993050673
0.022750000000000003,0.2384932620836836,0.9512796544360256,annular tendency,14534.352025710992,64.95124706324519,99979.38340140728,80.67465623140247,115078.82020581704
0.022833333333333337,0.23936686771898733,0.9515018306837826,annular tendency,14540.176359854386,64.9439609966281,99979.38689871927,80.39899506903083,115380.61800070194
0.02291666666666667,0.240240473384861,0.9517224937799372,annular tendency,14546.009548114784,64.93666970137303,99979.39039854097,80.12521132215147,115682.17444929351
0.023000000000000003,0.24111407908132662,0.9519416591302197,annular tendency,14551.85161464206,64.92937316692506,99979.3939008775,79.85328587638342,115983.49067649117
0.023083333333333338,0.24198768480840613,0.9521593419319347,annular tendency,14557.702583686105,64.92207138268897,99979.39740573394,79.58319987594517,116284.56779806738
0.02316666666666667,0.24286129056612166,0.9523755571774756,annular tendency,14563.562479597302,64.91476433802919,99979.40091311539,79.31493471929588,116585.40692077235
0.023250000000000003,0.24373489635449525,0.952590319657766,annular tendency,14569.431326827007,64.90745202226964,99979.40442302695,79.04847205486499,116886.00914243635
0.023333333333333338,0.244608502173549,0.9528036439656314,annular tendency,14575.309149928056,64.9001344246936,99979.40793547378,78.78379377686721,117186.37555207152
0.02341666666666667,0.24548210802330508,0.9530155444991071,annular tendency,14581.195973555226,64.89281153454364,99979.41145046105,78.5208820212015,117486.50722997151
0.023500000000000004,0.24635571390378577,0.9532260354646748,annular tendency,14587.091822465765,64.88548334102146,99979.41496799394,78.25971916143183,117786.40524780964
0.023583333333333338,0.24722931981501334,0.9534351308804397,annular tendency,14592.996721519863,64.87814983328772,99979.41848807766,78.00028780484787,118086.07066873627
0.02366666666666667,0.24810292575701,0.9536428445792415,annular tendency,14598.910695681167,64.87081100046203,99979.42201071742,77.74257078860391,118385.50454747416
0.023750000000000004,0.24897653172979822,0.9538491902117053,annular tendency,14604.833770017289,64.86346683162273,99979.42553591846,77.48655117593378,118684.7079304128
0.023833333333333335,0.2498501377334003,0.9540541812492316,annular tendency,14610.76596970032,64.8561173158068,99979.42906368604,77.23221225244069,118983.6818557008
0.02391666666666667,0.2507237437678388,0.9542578309869287,annular tendency,14616.707320007336,64.84876244200973,99979.43259402548,76.97953752245951,119282.4273533381
0.024000000000000004,0.25159734983313614,0.9544601525464864,annular tendency,14622.65784632093,64.84140219918532,99979.43612694202,76.7285107054906,119580.94544526568
0.024083333333333335,0.2524709559293149,0.9546611588789954,annular tendency,14628.61757412971,64.8340365762457,99979.43966244106,76.47911573270288,119879.2371454547
0.02416666666666667,0.2533445620563976,0.9548608627677093,annular tendency,14634.586529028853,64.82666556206097,99979.44320052784,76.23133674350505,120177.30345999406
0.024250000000000004,0.254218168214407,0.955059276830756,annular tendency,14640.564736720626,64.81928914545932,99979.44674120782,75.98515808218319,120475.14538717693
0.024333333333333335,0.25509177440336567,0.9552564135237949,annular tendency,14646.552223014916,64.81190731522668,99979.45028448632,75.74056429460333,120772.76391758595
0.02441666666666667,0.25596538062329643,0.9554522851426229,annular tendency,14652.549013829776,64.8045200601067,99979.45383036879,75.4975401249774,121070.16003417713
0.024500000000000004,0.25683898687422196,0.9556469038257319,annular tendency,14658.555135191953,64.79712736880052,99979.4573788606,75.25607051269148,121367.3347123628
0.024583333333333336,0.2577125931561652,0.9558402815568152,annular tendency,14664.570613237465,64.78972922996675,99979.46092996726,75.01614058919434,121664.28892009356
0.02466666666666667,0.25858619946914885,0.9560324301672285,annular tendency,14670.595474212118,64.78232563222119,99979.46448369417,74.77773567494577,121961.0236179383
0.024750000000000005,0.259459805813196,0.9562233613384017,annular tendency,14676.62974447208,64.77491656413676,99979.46804004684,74.5408412764225,122257.539759164
0.024833333333333336,0.2603334121883295,0.956413086604207,annular tendency,14682.673450484439,64.76750201424338,99979.4715990308,74.30544308318112,122553.83828981404
0.02491666666666667,0.26120701859457246,0.9566016173532813,annular tendency,14688.726618827764,64.76008197102766,99979.47516065153,74.07152696497634,122849.9201487854
0.025,0.2620806250319479,0.9567889648313052,annular tendency,14694.789276192667,64.75265642293301,99979.47872491463,73.83907896893362,123145.78626790474
